operator,share,a,b,gamma
ExampleOpA,0.3773584905660377,1e-06,8.924528301886793e-06,0.020001
ExampleOpB,0.2830188679245283,1e-06,9.320754716981135e-06,0.016001
ExampleOpC,0.1886792452830188,1e-06,4.169811320754716e-06,0.012001
ExampleOpD,0.0943396226415094,1e-06,3.3773584905660374e-06,0.008001
ExampleOpE,0.0566037735849056,1e-06,3.3773584905660357e-06,0.004001
