mean_a,mean_b,mean_gamma
1e-06,5.833962264150944e-06,0.012001000000000001
