HHI_med,N_eff_med,Top10_med,P(N_eff<30),P(N_eff<25),P(N_eff<20)
0.037176145490831154,26.8989695413229,0.5035744639353392,0.8115,0.1455,0.0
